{
  "reference": {
    "path": "pipeline_output/1_original_voice.wav",
    "text": "Hello, this is a test of voice cloning technology.",
    "analysis": {
      "duration": 12.0,
      "rms": 0.07891868054866791,
      "pitch_mean": 92.80049324635448,
      "pitch_std": 14.216415494002208,
      "spectral_centroid": 1359.8410321128101,
      "zcr": 0.05598517589458414,
      "spectral_rolloff": 2536.6696385396517,
      "mfcc": [
        -354.9844665527344,
        117.48795318603516,
        39.98701477050781,
        53.45854187011719,
        16.307586669921875,
        6.367495536804199,
        -0.009724688716232777,
        0.46288153529167175,
        -11.078282356262207,
        2.646515130996704,
        -19.487808227539062,
        -4.543811321258545,
        -1.544775128364563
      ]
    }
  },
  "models": {
    "OpenVoice V2": {
      "model_size_mb": 125,
      "languages": {
        "en": {
          "translated_text": "Hello, this is a test of voice cloning technology.",
          "tts_path": "/Users/smpceo/Documents/Services/Meeshy/ios/scripts/benchmark_results/openvoice_v2_en_tts.wav",
          "processing_time": 1.3439867496490479,
          "cloned_path": "/Users/smpceo/Documents/Services/Meeshy/ios/scripts/benchmark_results/openvoice_v2_en_cloned.wav",
          "similarity": {
            "pitch_similarity": 0.3122430227970675,
            "timbre_similarity": 0.07726990289832991,
            "mfcc_similarity": 0.9824493951938458,
            "overall_similarity": 0.5098336357861575
          },
          "cloned_analysis": {
            "duration": 3.1346938775510202,
            "rms": 0.20949077606201172,
            "pitch_mean": 156.6246799644084,
            "pitch_std": 22.978458832574418,
            "spectral_centroid": 2614.6072797170987,
            "zcr": 0.15775433708639705,
            "spectral_rolloff": 4551.184979607077,
            "mfcc": [
              -189.4825897216797,
              94.38946533203125,
              10.826833724975586,
              16.670604705810547,
              8.612894058227539,
              -4.808168888092041,
              11.110677719116211,
              -2.6772348880767822,
              -7.030059814453125,
              -2.103951930999756,
              -11.446244239807129,
              4.304070472717285,
              -12.053378105163574
            ]
          },
          "transcription": "Hello, this is a test of voice cloning technology."
        },
        "fr": {
          "translated_text": "Bonjour, ceci est un test de technologie de clonage vocal.",
          "tts_path": "/Users/smpceo/Documents/Services/Meeshy/ios/scripts/benchmark_results/openvoice_v2_fr_tts.wav",
          "processing_time": 1.3376610279083252,
          "cloned_path": "/Users/smpceo/Documents/Services/Meeshy/ios/scripts/benchmark_results/openvoice_v2_fr_cloned.wav",
          "similarity": {
            "pitch_similarity": 0.8955394640152656,
            "timbre_similarity": 0.29509481406362514,
            "mfcc_similarity": 0.9845329045345396,
            "overall_similarity": 0.7510034452374831
          },
          "cloned_analysis": {
            "duration": 4.040272108843538,
            "rms": 0.12859289348125458,
            "pitch_mean": 102.49448251051639,
            "pitch_std": 13.079258986939584,
            "spectral_centroid": 2318.4000276982024,
            "zcr": 0.12502511160714286,
            "spectral_rolloff": 4234.04296875,
            "mfcc": [
              -269.864013671875,
              78.95794677734375,
              8.586419105529785,
              53.62571334838867,
              29.938779830932617,
              21.201526641845703,
              2.5234148502349854,
              14.514341354370117,
              -30.71654510498047,
              17.900794982910156,
              -10.940617561340332,
              -21.4705867767334,
              -2.7039034366607666
            ]
          },
          "transcription": "Bonjour, ceci est un test de technologie de cl\u00f4neage vocal."
        },
        "es": {
          "translated_text": "Hola, esta es una prueba de la tecnolog\u00eda de clonaci\u00f3n de voz.",
          "tts_path": "/Users/smpceo/Documents/Services/Meeshy/ios/scripts/benchmark_results/openvoice_v2_es_tts.wav",
          "processing_time": 1.32719087600708,
          "cloned_path": "/Users/smpceo/Documents/Services/Meeshy/ios/scripts/benchmark_results/openvoice_v2_es_cloned.wav",
          "similarity": {
            "pitch_similarity": 0.3273958915618922,
            "timbre_similarity": 0.38337723877070595,
            "mfcc_similarity": 0.9834761512785546,
            "overall_similarity": 0.6066223996112012
          },
          "cloned_analysis": {
            "duration": 4.3769614512471655,
            "rms": 0.15596914291381836,
            "pitch_mean": 155.21848626893538,
            "pitch_std": 20.915933461179947,
            "spectral_centroid": 2198.349964167104,
            "zcr": 0.12231316137566138,
            "spectral_rolloff": 3736.5234375,
            "mfcc": [
              -220.32516479492188,
              107.76130676269531,
              10.340664863586426,
              24.76807975769043,
              9.459329605102539,
              -2.2934658527374268,
              7.650444030761719,
              -3.469848394393921,
              -6.141296863555908,
              -3.5028841495513916,
              -11.86719799041748,
              7.854598522186279,
              -19.239341735839844
            ]
          },
          "transcription": "Estas son aprobados de la tecnolog\u00eda de clonaci\u00f3n de voz."
        }
      },
      "status": "available",
      "avg_similarity": 0.6224864935449473,
      "avg_processing_time": 1.3362795511881511
    },
    "XTTS-v2": {
      "model_size_mb": 1800,
      "languages": {
        "en": {
          "translated_text": "Hello, this is a test of voice cloning technology.",
          "processing_time": 3.3479809761047363,
          "cloned_path": "/Users/smpceo/Documents/Services/Meeshy/ios/scripts/benchmark_results/xtts-v2_en_cloned.wav",
          "similarity": {
            "pitch_similarity": 0.9876749847321893,
            "timbre_similarity": 0.8035554088335998,
            "mfcc_similarity": 0.998896375489974,
            "overall_similarity": 0.9369276682657263
          },
          "cloned_analysis": {
            "duration": 3.8513378684807256,
            "rms": 0.16185081005096436,
            "pitch_mean": 93.94426074247616,
            "pitch_std": 14.382175577387844,
            "spectral_centroid": 1626.9744477175068,
            "zcr": 0.06623270425451808,
            "spectral_rolloff": 2861.8405261671687,
            "mfcc": [
              -298.8345947265625,
              104.23066711425781,
              33.57101821899414,
              46.47175216674805,
              16.777685165405273,
              -2.0707240104675293,
              1.7744534015655518,
              -7.871850967407227,
              -8.029690742492676,
              -1.259775161743164,
              -9.887481689453125,
              -1.0644136667251587,
              -2.2623541355133057
            ]
          },
          "transcription": "Hello, this is a Test of Voice Cloning Technology."
        },
        "fr": {
          "translated_text": "Bonjour, ceci est un test de technologie de clonage vocal.",
          "processing_time": 4.232763290405273,
          "cloned_path": "/Users/smpceo/Documents/Services/Meeshy/ios/scripts/benchmark_results/xtts-v2_fr_cloned.wav",
          "similarity": {
            "pitch_similarity": 0.7221966351247601,
            "timbre_similarity": 0.8120213674970912,
            "mfcc_similarity": 0.9975000208693191,
            "overall_similarity": 0.8592654091342831
          },
          "cloned_analysis": {
            "duration": 4.779365079365079,
            "rms": 0.171859472990036,
            "pitch_mean": 118.58078253227373,